<?xml version="1.0" encoding="UTF-8"?>
<exp>
  <catalogs>
    <CatalogInfo>
      <catalogId>8a4a8a884e00d3b1014e05fa023600a7</catalogId>
      <parentCatalogId>8af63f8f4db24db8014db24e776d9900</parentCatalogId>
      <catalogName>财务分析</catalogName>
      <catalogDesc>财务分析</catalogDesc>
      <catalogType>100</catalogType>
      <iconPath>/pc-rs/bie.report/images/finance.png</iconPath>
      <catalogLevel>1</catalogLevel>
      <orderNo>1</orderNo>
      <charge>259026</charge>
      <organization>顺丰科技</organization>
      <deleted>false</deleted>
      <createUserId>259026</createUserId>
      <createDate class="sql-timestamp">2015-08-08 00:00:00.0</createDate>
      <modifyDate class="sql-timestamp">2015-12-08 14:24:47.0</modifyDate>
    </CatalogInfo>
    <CatalogInfo>
      <catalogId>8a4a924850b3072b0150cb6bb6160005</catalogId>
      <parentCatalogId>f3a3bfa079d74cd0b41b42c80f63c33e</parentCatalogId>
      <catalogName>指标分析</catalogName>
      <catalogDesc>指标分析</catalogDesc>
      <catalogType>100</catalogType>
      <catalogLevel>3</catalogLevel>
      <orderNo>2</orderNo>
      <charge>259026</charge>
      <organization>速运BG经营规划部</organization>
      <deleted>false</deleted>
      <createUserId>dexter</createUserId>
      <createDate class="sql-timestamp">2015-11-03 11:37:25.0</createDate>
      <modifyDate class="sql-timestamp">2015-11-20 18:06:47.0</modifyDate>
    </CatalogInfo>
    <CatalogInfo>
      <catalogId>8af63f8f4db24db8014db24e776d9900</catalogId>
      <parentCatalogId>RESOURCES-ROOT-CATALOG-000000000</parentCatalogId>
      <catalogName>资源管理器</catalogName>
      <catalogDesc>资源管理器</catalogDesc>
      <catalogType>100</catalogType>
      <iconPath></iconPath>
      <catalogLevel>0</catalogLevel>
      <orderNo>1</orderNo>
      <charge>259026</charge>
      <organization>顺丰科技</organization>
      <deleted>false</deleted>
      <createUserId>259026</createUserId>
      <createDate class="sql-timestamp">2015-08-08 00:00:00.0</createDate>
      <modifyUserId>259026</modifyUserId>
      <modifyDate class="sql-timestamp">2015-08-08 00:00:00.0</modifyDate>
    </CatalogInfo>
    <CatalogInfo>
      <catalogId>f3a3bfa079d74cd0b41b42c80f63c33e</catalogId>
      <parentCatalogId>8a4a8a884e00d3b1014e05fa023600a7</parentCatalogId>
      <catalogName>指标分析</catalogName>
      <catalogDesc>指标分析</catalogDesc>
      <catalogType>100</catalogType>
      <iconPath>/pc-rs/bie.report/images/level2-logo.png</iconPath>
      <catalogLevel>2</catalogLevel>
      <orderNo>2</orderNo>
      <charge>259026</charge>
      <organization>顺丰科技</organization>
      <deleted>false</deleted>
      <createUserId>259026</createUserId>
      <createDate class="sql-timestamp">2015-08-08 00:00:00.0</createDate>
      <modifyUserId>159430</modifyUserId>
      <modifyDate class="sql-timestamp">2015-12-08 19:29:16.0</modifyDate>
    </CatalogInfo>
  </catalogs>
  <resources>
    <Resource>
      <resId>8af49f825170aa17015170c466120002</resId>
      <catalogId>8a4a924850b3072b0150cb6bb6160005</catalogId>
      <requirementReportNo></requirementReportNo>
      <name>集团整体业务监控通报</name>
      <desc></desc>
      <organization>集团财务部</organization>
      <charge>何鑫</charge>
      <creater>159430</creater>
      <createDate class="sql-timestamp">2015-12-10 19:09:26.0</createDate>
      <modifyer>159430</modifyer>
      <modifyDate class="sql-timestamp">2015-12-10 19:09:26.0</modifyDate>
      <resType>500</resType>
      <refId>8af49f825170aa17015170c466100001</refId>
      <valid>true</valid>
      <clickNum>53</clickNum>
    </Resource>
  </resources>
  <reports>
    <ReportInfo>
      <catalogId>8a4a924850b3072b0150cb6bb6160005</catalogId>
      <reportId>8af49f825170aa17015170c466100001</reportId>
      <requirementReportNo></requirementReportNo>
      <objectId>ASRRYaSQHb1Lg3qpnwIsmwM</objectId>
      <reportName>集团整体业务监控通报</reportName>
      <reportDesc></reportDesc>
      <reportCharge>何鑫</reportCharge>
      <organization>集团财务部</organization>
      <developer>159430</developer>
      <developDept>数据集成研发中心</developDept>
      <demandCoding>集团财务部</demandCoding>
      <duties>false</duties>
      <valid>true</valid>
      <datalogic></datalogic>
      <createUserId>159430</createUserId>
      <createDate class="sql-timestamp">2015-12-05 14:11:38.0</createDate>
      <modifyUserId>159430</modifyUserId>
      <modifyDate class="sql-timestamp">2015-12-10 19:09:26.0</modifyDate>
    </ReportInfo>
  </reports>
  <documents/>
  <params/>
  <searchFields/>
</exp>